student_id,risk_score,risk_label,predicted_dropout
305,0.08,Low,0
1,0.205,Low,0
149,0.0,Low,0
332,0.05,Low,0
360,0.095,Low,0
56,0.725,High,1
425,0.0,Low,0
362,0.005,Low,0
75,0.02,Low,0
307,0.015,Low,0
288,0.01,Low,0
207,0.225,Low,0
148,0.065,Low,0
115,0.74,High,1
169,0.375,Low,0
380,0.875,High,1
350,0.93,High,1
100,0.05,Low,0
125,0.79,High,1
46,0.93,High,1
51,0.635,Medium,1
158,0.66,Medium,1
374,0.755,High,1
415,0.925,High,1
18,0.065,Low,0
442,0.085,Low,0
473,0.0,Low,0
321,0.065,Low,0
367,0.205,Low,0
237,0.025,Low,0
153,0.42,Medium,0
165,0.005,Low,0
74,0.645,Medium,1
477,0.035,Low,0
333,0.025,Low,0
467,0.0,Low,0
162,0.1,Low,0
384,0.005,Low,0
210,0.01,Low,0
189,0.06,Low,0
471,0.005,Low,0
206,0.09,Low,0
249,0.05,Low,0
224,0.005,Low,0
226,0.46,Medium,0
308,0.055,Low,0
96,0.075,Low,0
173,0.2,Low,0
278,0.06,Low,0
19,0.04,Low,0
175,0.75,High,1
296,0.005,Low,0
363,0.01,Low,0
29,0.06,Low,0
254,0.02,Low,0
432,0.0,Low,0
86,0.085,Low,0
138,0.005,Low,0
322,0.97,High,1
277,0.04,Low,0
423,0.095,Low,0
82,0.68,Medium,1
30,0.0,Low,0
11,0.385,Low,0
91,0.075,Low,0
464,0.005,Low,0
379,0.465,Medium,0
84,0.1,Low,0
418,0.0,Low,0
228,0.03,Low,0
303,0.11,Low,0
440,0.0,Low,0
342,0.045,Low,0
168,0.01,Low,0
408,0.065,Low,0
451,0.12,Low,0
261,0.015,Low,0
274,0.0,Low,0
38,0.76,High,1
376,0.125,Low,0
459,0.02,Low,0
107,0.085,Low,0
152,0.0,Low,0
93,0.025,Low,0
275,0.0,Low,0
366,0.43,Medium,0
199,0.19,Low,0
95,0.17,Low,0
25,0.7,High,1
35,0.9,High,1
241,0.0,Low,0
109,0.15,Low,0
387,0.025,Low,0
468,0.92,High,1
120,0.3,Low,0
69,0.21,Low,0
259,0.635,Medium,1
441,0.015,Low,0
340,0.105,Low,0
94,0.19,Low,0
377,0.06,Low,0
392,0.0,Low,0
276,0.06,Low,0
61,0.035,Low,0
201,0.01,Low,0
243,0.74,High,1
124,0.42,Medium,0
191,0.43,Medium,0
355,0.005,Low,0
400,0.07,Low,0
133,0.42,Medium,0
294,0.01,Low,0
434,0.17,Low,0
36,0.74,High,1
105,0.565,Medium,1
334,0.94,High,1
260,0.895,High,1
354,0.01,Low,0
407,0.945,High,1
244,0.015,Low,0
